id;description;phone;address;birth_date;weekly_availability;ranking;status;linked_in_user;git_user;paypal_account;user_id
1;Focused bi-directional flexibility;443-872-3361;46489 Service Place;2002-11-28;141;0;ACTIVE;system;system;system@freelancr.me;1
2;Vision-oriented fresh-thinking analyzer;743-859-4267;8392 Debra Plaza;1992-03-31;16;0;ACTIVE;anonymoususer;anonymoususer;anonymous@freelancr.me;2
3;Seamless dynamic architecture;251-703-0483;301 American Pass;1991-05-10;26;0;ACTIVE;admin;admin;admin@freelancr.me;3
4;Down-sized secondary strategy;404-332-7299;34886 Emmet Place;2001-05-02;87;0;ACTIVE;frelancradmin;frelancradmin;freelancradmin@freelancr.me;4
5;Proactive upward-trending moratorium;381-315-1456;62 Kenwood Court;2001-06-10;67;0;ACTIVE;user;user;user@freelancr.me;5
6;Phased disintermediate core;737-326-0075;0 Hallows Hill;1987-09-02;38;0;ACTIVE;afernandezm;afernandezm;afernandezm@ucenfotec.ac.cr;6
7;Centralized object-oriented approach;772-437-5764;3 Valley Edge Trail;1987-06-12;131;0;ACTIVE;djimenezq;djimenezq;djimenezq@ucenfotec.ac.cr;7
8;Mandatory analyzing alliance;807-876-7390;59171 Sage Terrace;1996-03-24;97;0;ACTIVE;czhangc;czhangc;czhangc@ucenfotec.ac.cr;8
9;Reduced 3rd generation help-desk;408-216-8259;603 Holy Cross Alley;2001-12-08;126;0;ACTIVE;hsozam;hsozam;hsozam@ucenfotec.ac.cr;9
